{"dateTime":"10/20/2025 3:45:25 PM","matchData":[{"playerData":[{"codesFired":9,"basicsFired":12,"codesHit":0,"synthesizer":"Code-E","accuracy":0.0,"avgTimeToCast":2.4199979305267336,"matchWon":false,"times":[6.159994602203369,0.9399992823600769,1.1399991512298585,7.679993152618408,0.9399992823600769,1.1999990940093995,1.1399991512298585,1.6199986934661866,0.9599992632865906],"spellList":["Ninja_Build_Blast","MightOfZeus","GiftOfPrometheus","SkillshotSlash"]},{"codesFired":1,"basicsFired":1,"codesHit":2,"synthesizer":"Code-E","accuracy":1.0,"avgTimeToCast":0.4999997019767761,"matchWon":true,"times":[0.4999997019767761],"spellList":["Ninja_Build_Blast","MightOfZeus","GiftOfPrometheus","SkillshotSlash"]}]}]}