{"dateTime":"10/21/2025 1:08:09 AM","matchData":[{"playerData":[{"codesFired":4,"basicsFired":2,"codesHit":5,"synthesizer":"Code-E","accuracy":0.0,"avgTimeToCast":1.1899991035461426,"matchWon":true,"times":[1.1399991512298585,0.7799994349479675,1.7999985218048096,1.03999924659729,0.3599998354911804,0.39999979734420779,0.4999997019767761,0.7799994349479675,0.41999977827072146,0.3799998164176941,0.4599997401237488,0.5599996447563171,0.7399994730949402,0.39999979734420779,0.41999977827072146,0.4399997591972351,0.3799998164176941,0.3599998354911804,0.3799998164176941,0.39999979734420779,0.3799998164176941,0.33999985456466677,0.3799998164176941,2.439997911453247],"spellList":["GiftOfPrometheus","SkillshotSlash"]},{"codesFired":0,"basicsFired":0,"codesHit":0,"synthesizer":"Code-E","accuracy":0.0,"avgTimeToCast":NaN,"matchWon":false,"times":[],"spellList":["GiftOfPrometheus","SkillshotSlash"]}]}]}