{"dateTime":"10/29/2025 4:19:22 PM","matchData":[{"playerData":[{"codesFired":7,"basicsFired":14,"codesHit":13,"synthesizer":"Code-E","accuracy":0.0,"avgTimeToCast":1.9371412992477418,"matchWon":false,"times":[1.779998540878296,1.5599987506866456,0.39999979734420779,1.6799986362457276,3.1399972438812258,2.0599982738494875,2.939997434616089,7.619993209838867,3.9399964809417726,1.159999132156372,4.199996471405029,8.920013427734375,5.279995441436768,9.900035858154297,1.9199984073638917,2.7199976444244386,0.6599995493888855,0.7399994730949402,0.5799996256828308,0.39999979734420779,1.9999983310699463,1.2599990367889405,0.25999993085861208,0.5199996829032898,0.7799994349479675,1.9199984073638917,0.6199995875358582,6.4399943351745609,4.099996566772461,7.519993305206299,0.6199995875358582,1.5399987697601319,1.2999989986419678,2.5999977588653566,0.19999994337558747],"spellList":["GiftOfPrometheus","SkillshotSlash"]},{"codesFired":14,"basicsFired":14,"codesHit":10,"synthesizer":"Code-E","accuracy":0.0,"avgTimeToCast":3.5971596240997316,"matchWon":true,"times":[3.1599972248077394,0.9599992632865906,0.5199996829032898,1.7399985790252686,11.020061492919922,13.46011734008789,0.7399994730949402,11.200065612792969,4.279996395111084,1.1399991512298585,0.7799994349479675,0.4999997019767761,0.3199998736381531,0.5399996638298035,2.139998197555542,12.160087585449219,1.839998483657837,2.139998197555542,1.2399990558624268,2.979997396469116,2.1599981784820558,1.1999990940093995,4.239996433258057,1.099999189376831,1.219999074935913,0.5199996829032898,1.0799992084503174,0.5999996066093445,0.7799994349479675,0.5199996829032898,0.6599995493888855,2.199998140335083,1.099999189376831,0.3799998164176941,0.39999979734420779,2.01999831199646,0.4399997591972351,1.3399989604949952,1.2999989986419678,0.9199993014335632,0.3799998164176941,0.5199996829032898,0.4399997591972351,0.8599993586540222,0.6799995303153992,0.3199998736381531,0.3599998354911804,0.41999977827072146,0.41999977827072146,0.4599997401237488,1.279999017715454,1.9199984073638917,0.4599997401237488,1.1199991703033448,0.8799993395805359,0.6399995684623718,0.47999972105026247,5.819994926452637,0.3799998164176941,0.3199998736381531],"spellList":["GiftOfPrometheus","SkillshotSlash"]}]},{"playerData":[{"codesFired":13,"basicsFired":34,"codesHit":20,"synthesizer":"Code-E","accuracy":0.0,"avgTimeToCast":3.4369215965270998,"matchWon":false,"times":[1.779998540878296,1.5599987506866456,0.39999979734420779,1.6799986362457276,3.1399972438812258,2.0599982738494875,2.939997434616089,7.619993209838867,3.9399964809417726,1.159999132156372,4.199996471405029,8.920013427734375,5.279995441436768,9.900035858154297,1.9199984073638917,2.7199976444244386,0.6599995493888855,0.7399994730949402,0.5799996256828308,0.39999979734420779,1.9999983310699463,1.2599990367889405,0.25999993085861208,0.5199996829032898,0.7799994349479675,1.9199984073638917,0.6199995875358582,6.4399943351745609,4.099996566772461,7.519993305206299,0.6199995875358582,1.5399987697601319,1.2999989986419678,2.5999977588653566,0.19999994337558747],"spellList":["GiftOfPrometheus","SkillshotSlash","Ninja_Build_Blast"]},{"codesFired":28,"basicsFired":37,"codesHit":30,"synthesizer":"Code-E","accuracy":0.0,"avgTimeToCast":3.035010814666748,"matchWon":true,"times":[3.1599972248077394,0.9599992632865906,0.5199996829032898,1.7399985790252686,11.020061492919922,13.46011734008789,0.7399994730949402,11.200065612792969,4.279996395111084,1.1399991512298585,0.7799994349479675,0.4999997019767761,0.3199998736381531,0.5399996638298035,2.139998197555542,12.160087585449219,1.839998483657837,2.139998197555542,1.2399990558624268,2.979997396469116,2.1599981784820558,1.1999990940093995,4.239996433258057,1.099999189376831,1.219999074935913,0.5199996829032898,1.0799992084503174,0.5999996066093445,0.7799994349479675,0.5199996829032898,0.6599995493888855,2.199998140335083,1.099999189376831,0.3799998164176941,0.39999979734420779,2.01999831199646,0.4399997591972351,1.3399989604949952,1.2999989986419678,0.9199993014335632,0.3799998164176941,0.5199996829032898,0.4399997591972351,0.8599993586540222,0.6799995303153992,0.3199998736381531,0.3599998354911804,0.41999977827072146,0.41999977827072146,0.4599997401237488,1.279999017715454,1.9199984073638917,0.4599997401237488,1.1199991703033448,0.8799993395805359,0.6399995684623718,0.47999972105026247,5.819994926452637,0.3799998164176941,0.3199998736381531],"spellList":["GiftOfPrometheus","SkillshotSlash","MightOfZeus"]}]},{"playerData":[{"codesFired":35,"basicsFired":63,"codesHit":37,"synthesizer":"Code-E","accuracy":0.0,"avgTimeToCast":2.66514253616333,"matchWon":true,"times":[1.779998540878296,1.5599987506866456,0.39999979734420779,1.6799986362457276,3.1399972438812258,2.0599982738494875,2.939997434616089,7.619993209838867,3.9399964809417726,1.159999132156372,4.199996471405029,8.920013427734375,5.279995441436768,9.900035858154297,1.9199984073638917,2.7199976444244386,0.6599995493888855,0.7399994730949402,0.5799996256828308,0.39999979734420779,1.9999983310699463,1.2599990367889405,0.25999993085861208,0.5199996829032898,0.7799994349479675,1.9199984073638917,0.6199995875358582,6.4399943351745609,4.099996566772461,7.519993305206299,0.6199995875358582,1.5399987697601319,1.2999989986419678,2.5999977588653566,0.19999994337558747],"spellList":["GiftOfPrometheus","SkillshotSlash","Ninja_Build_Blast","SpeedBoost"]},{"codesFired":60,"basicsFired":85,"codesHit":42,"synthesizer":"Code-E","accuracy":0.0,"avgTimeToCast":1.9200042486190797,"matchWon":false,"times":[3.1599972248077394,0.9599992632865906,0.5199996829032898,1.7399985790252686,11.020061492919922,13.46011734008789,0.7399994730949402,11.200065612792969,4.279996395111084,1.1399991512298585,0.7799994349479675,0.4999997019767761,0.3199998736381531,0.5399996638298035,2.139998197555542,12.160087585449219,1.839998483657837,2.139998197555542,1.2399990558624268,2.979997396469116,2.1599981784820558,1.1999990940093995,4.239996433258057,1.099999189376831,1.219999074935913,0.5199996829032898,1.0799992084503174,0.5999996066093445,0.7799994349479675,0.5199996829032898,0.6599995493888855,2.199998140335083,1.099999189376831,0.3799998164176941,0.39999979734420779,2.01999831199646,0.4399997591972351,1.3399989604949952,1.2999989986419678,0.9199993014335632,0.3799998164176941,0.5199996829032898,0.4399997591972351,0.8599993586540222,0.6799995303153992,0.3199998736381531,0.3599998354911804,0.41999977827072146,0.41999977827072146,0.4599997401237488,1.279999017715454,1.9199984073638917,0.4599997401237488,1.1199991703033448,0.8799993395805359,0.6399995684623718,0.47999972105026247,5.819994926452637,0.3799998164176941,0.3199998736381531],"spellList":["GiftOfPrometheus","SkillshotSlash","MightOfZeus","Ninja_Build_Blast"]}]}]}