{"dateTime":"10/20/2025 1:02:48 AM","matchData":[{"playerData":[{"codesFired":9,"basicsFired":2,"codesHit":10,"synthesizer":"Code-E","accuracy":0.0,"avgTimeToCast":0.6222217679023743,"matchWon":true,"times":[0.47999972105026247,0.5399996638298035,0.5199996829032898,0.4399997591972351,0.5199996829032898,0.47999972105026247,1.1199991703033448,0.5799996256828308,0.9199993014335632],"spellList":["Ninja_Build_Blast","MightOfZeus","GiftOfPrometheus","SkillshotSlash","no spell","no spell","no spell","no spell"]},{"codesFired":0,"basicsFired":0,"codesHit":0,"synthesizer":"Code-E","accuracy":0.0,"avgTimeToCast":NaN,"matchWon":false,"times":[],"spellList":["Ninja_Build_Blast","MightOfZeus","GiftOfPrometheus","SkillshotSlash","no spell","no spell","no spell","no spell"]}]}]}